Name,Latitude,Longitude,Platform / Entrance,Collected By,Collected On,Line,Step free,
Acton Town,51.5025,-0.278126,Platform,User:Gagravarr,24/11/06,"District, Piccadilly",,
Acton Central,51.50883531,-0.263033174,Entrance,User:Firefishy,08/05/07,London Overground,,
Acton Central,51.50856013,-0.262879534,Platform,User:Firefishy,08/05/07,London Overground,,
Aldgate,51.51394,-0.07537,Aldgate High Street entrance,User:Morwen,28/04/07,Metropolitan,No,
Aldgate East,51.51514,-0.07178,Entrance,User:Parsingphase,-2006,"District, Hammersmith & City",,
Alperton,51.54097,-0.30061,Platform,User:Mattwestcott,28/01/07,Piccadilly,,
Amersham,51.67435,-0.60732,Entrance,User:Kake,2007-03-06,Metropolitan,No (although plans are underway to change this),
Angel,51.53253,-0.10579,Entrance,User:Kake,2007-04-14,Northern,No (Escalators),
Archway,51.56536,-0.13474,Junction Road entrance,User:Kake,2007-04-24,Northern,,
Arnos Grove,51.61625,-0.13355,Entrance,User:Kake,2007-04-24,Piccadilly,,
Arsenal,51.55847,-0.10561,outside Gillespie Road exit, the platforms are a long walk west in tunnel,User:Morwen,05/05/07,Piccadilly,
Baker Street,51.52265,-0.15704,Circle/Hammersmith & City Entrance (probably),User:Steve,11/02/06,"Circle, Hammersmith & City",No,
Baker Street,51.522236,-0.15708,Bakerloo/Jubilee Entrance,User:Gagravarr,24/11/06,"Bakerloo, Jubilee",No,
Balham,51.44344113,-0.152945844,Entrance,User:Firefishy,07/05/07,Northern,No,
Bank,51.5134047,-0.08905843,Entrance,User:Gagravarr,10/10/06,"Central, Waterloo & City",,
Barbican,51.520865,-0.097758,Entrance,User:Gagravarr,06/04/07,"Circle, Hammersmith & City, Metropolitan",No,
Barking,51.54079,0.08018,platforms,User:Morwen,21/04/07,"District, Hammersmith & City",,
Barkingside,51.58543,0.08854,platforms,User:Morwen,21/04/07,Central,,
Barons Court,51.490281,-0.21434,Platform,User:Gagravarr,24/11/06,"Piccadilly, District",,
Bayswater,51.51224,-0.187569,Entrance,User:Gagravarr,14/05/07,"Circle, District",,
Becontree,51.54029,0.1262,platforms,User:Morwen,21/04/07,District,,
Belsize Park,51.55036,-0.16465,Entrance,User:Mattwestcott,06/05/07,Northern,,
Bermondsey,51.49813,-0.0635,Entrance,User:Kake,2007-03-02,Jubilee,,
Bethnal Green,51.52718,-0.05504,tube station entrance,User:Morwen,2007-05-12,Central,No,
Blackfriars,51.5114403,-0.1041905,Entrance,User:Gagravarr,30/10/06,"Circle, District",,
Blackhorse Road,51.58698,-0.04104,Entrance Hall,User:Firefishy,15/08/07,Victoria,,
Bond Street,51.51461,-0.14897,Entrance,User:Mattwestcott,16/02/07,"Central, Jubilee",No,
Borough,51.50095,-0.09446,Entrance,User:Mattwestcott,31/07/07,Northern,,
Boston Manor,51.495371,-0.325573,Platform,User:Gagravarr,24/11/06,Piccadilly,,
Bounds Green,51.607,-0.12418,Entrance,User:Kake,2007-04-24,Piccadilly,,
Bow Road,51.52709,-0.02482,Entrance,User:Morwen,2007-05-13,"District, Hammersmith & City",,
Brent Cross,51.57693,-0.21414,Platform,User:Mattwestcott,06/05/07,Northern,,
Brixton,51.46239,-0.115421,Entrance,User:Parsingphase,-2006,Victoria,,
Bromley-by-Bow,51.52466,-0.01282,platforms,User:Morwen,21/04/07,"District, Hammersmith & City",,
Brondesbury,51.54505,-0.20297,London Overground platforms,User:Morwen,05/05/07,London Overground,,
Brondesbury Park,51.5406,-0.21093,London Overground platforms,User:Morwen,05/05/07,London Overground,,
Buckhurst Hill,51.62611,0.04705,platforms,User:Morwen,21/04/07,Central,,
Burnt Oak,51.603,-0.26427,Platform,User:Mattwestcott,06/05/07,Northern,,
Caledonian Road,51.5485,-0.11802,outside Caledonian Road exit,User:Morwen,05/05/07,Piccadilly,,
Caledonian Road & Barnesbury,51.54326,-0.11544,London Overground platforms,User:Morwen,05/05/07,London Overground,,
Camden Road,51.54192,-0.13981,London Overground platforms,User:Morwen,05/05/07,London Overground,,
Camden Town,51.5393,-0.14316,Entrance,User:Mattwestcott,06/05/07,Northern,No,
Canada Water,51.49787,-0.04967,90� anticlockwise around dome from entrance,User:Ksbrown,13/04/07,East London,,
Canary Wharf,51.50362,-0.01987,LU Entrance,User:Kake,2007-03-02,Jubilee,Unsure (JLE as a whole was built with step free?),
Cannon Street,51.51141,-0.09047,LU entrance,User:Mattwestcott,04/11/06,"Circle, District",,
Canonbury,51.54822,-0.09632,mainline platforms,Morwen,07/03/07,London Overground,,
Canons Park,51.6081,-0.29487,Platform,User:Mattwestcott,06/05/07,Jubilee,,
Chalfont & Latimer,51.66822,-0.56053,Entrance (car park side, don't know if there's an entrance on the other side),User:Kake,2007-03-06,Metropolitan,No
Chalk Farm,51.5439,-0.15384,Entrance,User:Mattwestcott,06/05/07,Northern,,
Chancery Lane,51.51836,-0.11115,Entrance/exit 3,User:Mattwestcott,27/01/07,Central,,
Charing Cross,51.507108,-0.122963,Mainline Platforms,User:Gagravarr,18/11/06,"Bakerloo, Northern",,
Chesham,51.70522733,-0.610986426,Platform,User:Firefishy,05/05/07,Metropolitan,Yes (Single platform accessed on flat),
Chigwell,51.61795,0.07511,platforms,User:Morwen,21/04/07,Central,,
Chiswick Park,51.49466,-0.26866,Platform,User:Mattwestcott,28/01/07,District,,
Chorleywood,51.65429872,-0.518373353,Platform,User:Firefishy,05/05/07,Metropolitan,No (Subway between N/B & S/B),
City Thameslink,51.51416,-0.10335,Ludgate Hill exit,User:Morwen,05/05/07,Thameslink,,
Clapham Common,51.46156,-0.13802,Entrance,User:Parsingphase,-2006,Northern,,
Clapham North,51.46522,-0.1295,Entrance,User:Parsingphase,-2006,Northern,,
Clapham South,51.45292257,-0.147562148,Entrance,User:Firefishy,07/05/07,Northern,,
Cockfosters,51.65117,-0.14811,platforms,User:Morwen,02/05/07,Piccadilly,,
Colindale,51.59556,-0.24996,Platform,User:Mattwestcott,06/05/07,Northern,,
Colliers Wood,51.41823649,-0.17800983,Entrance,User:Firefishy,07/05/07,Northern,,
Covent Garden,51.51308,-0.12427,Long Acre entrance,User:Morwen,28/04/07,Piccadilly,Unsure ( has Lifts ),
Croxley,51.64733268,-0.441479115,Platform,User:Firefishy,05/05/07,Metropolitan,No ( Stairs from Platform level to booking hall),
Dagenham East,51.54396,0.16439,platforms,User:Morwen,21/04/07,District,,
Dagenham Heathway,51.54173,0.14543,platforms,User:Morwen,21/04/07,District,,
Dalston Kingsland,51.54832,-0.07879,mainline platforms,Morwen,07/03/07,London Overground,,
Debden,51.64535,0.08364,platforms,User:Morwen,21/04/07,Central,,
Dollis Hill,51.5525,-0.23884,Entrance,User:AcousticNewt,25/11/06,Jubilee,,
Ealing Broadway,51.51482,-0.30118,Platform,User:Mattwestcott,27/01/07,"Central, District",,
Ealing Common,51.50997,-0.28825,Platform,User:Mattwestcott,28/01/07,"District, Piccadilly",,
Earl's Court,51.491521,-0.193906,Platform,User:Gagravarr,24/11/06,"District, Piccadilly",,
East Acton,51.51753,-0.24827,Platform,User:Mattwestcott,27/01/07,Central,,
East Finchley,51.5872974705487,-0.16495632312818,southbound platform,User:Welshie,27/09/06,Northern,,
East Ham,51.53931,0.0526,platforms,User:Morwen,21/04/07,"District, Hammersmith & City",,
East Putney,51.459015,-0.211138,Entrance,User:Randomjunk,30/11/06,District,,
Eastcote,51.57676,-0.39629,Platform,User:Mattwestcott,28/01/07,"Metropolitan, Piccadilly",,
Edgware,51.61385,-0.27515,Platform,User:Mattwestcott,06/05/07,Northern,No (Stairs from Booking Hall to platforms),
Edgware Road (Bakerloo Line),51.51956,-0.169068,Entrance,User:Gagravarr,24/11/06,Bakerloo,No (Escalator to platforms),
Edgware Road (Circle Line),51.520195,-0.166986,Platform,User:Gagravarr,24/11/06,"Circle, District, Hammersmith & City",No (Stairs between platform and Booking hall),
Elephant & Castle,51.49467,-0.10047,Entrance,User:Parsingphase,-2006,"Bakerloo, Northern",,
Elm Park,51.54969,0.19779,platforms,User:Morwen,21/04/07,District,,
Embankment,51.50717,-0.12195,outside Thames Embankment exit,User:Morwen,08/05/07,"Bakerloo, Circle, District, Northern",,
Epping,51.69365,0.11495,platforms,User:Morwen,21/04/07,Central,,
Euston,51.52774,-0.13303,??,User:Steve,11/02/06,Northern,Unsure (Escalators to mainline station),
Euston Square,51.52584,-0.1357,??,User:Steve,11/02/06,"Circle, Hammersmith & City, Metropolitan",No (Stairs from platform level),
Fairlop,51.59634,0.09125,platforms,User:Morwen,21/04/07,Central,,
Farringdon,51.520362948,-0.105126482,C/H+C/M Platform,User:Gagravarr,05/08/06,"Circle, Hammersmith & City, Metropolitan",No (Stairs from platform level),
Farringdon,51.520086,-0.104789,Entrance,User:Firefishy,18/10/06,"Circle, Hammersmith & City, Metropolitan",No (Stairs to/from platform level),
Finchley Central,51.60102,-0.1924,??,User:Steve,10/02/06,Northern,,
Finchley Road,51.546701,-0.179867,Platform,User:Gagravarr,10/10/06,"Jubilee, Metropolitan",No (Steps to/from platform level),
Finchley Road and Frognal,51.54994,-0.18412,London Overground platforms,User:Morwen,05/05/07,London Overground,,
Finsbury Park,51.56498,-0.10543,"in bus station, near mainline entrance end",User:Morwen,05/05/07,"Piccadilly, Victoria",No (Steps at subsurface level),
Fulham Broadway,51.48033,-0.19488,Platform,User:Mattwestcott,18/05/07,District,Unsure,
Gants Hill,51.57649,0.06637,Entrance Hall,User:Firefishy,15/08/07,Central,,
Gloucester Road,51.49408266,-0.17295341,C/D platform,User:Gagravarr,08/09/06,"Circle, District, Piccadilly",,
Golders Green,51.57249,-0.1941,Platform,User:Mattwestcott,06/05/07,Northern,,
Goldhawk Road,51.501248,-0.226776,Platform,User:Gagravarr,07/04/07,Hammersmith & City,,
Goodge Street,51.5206,-0.13441,??,User:Steve,10/02/06,Northern,Unsure ( Certainly has lifts),
Gospel Oak,51.55597,-0.15228,London Overground platforms,User:Morwen,05/05/07,London Overground,,
Grange Hill,51.61326,0.09258,platforms,User:Morwen,21/04/07,Central,,
Great Portland Street,51.52391,-0.14397,??,User:Steve,11/02/06,"Circle, Hammersmith & City, Metropolitan",No (Steps to/from platform level),
Greenford,51.542346,-0.345903,Platform,User:Firefishy,18/02/07,Central,,
Gunnersbury,51.49126844,-0.275554312,Platform,User:Firefishy,08/05/07,District,,
Green Park,51.50674,-0.14276,Entrance (south side of Piccadilly),User:Kake,2007-04-12,"Jubilee, Piccadilly, Victoria",Unsure ( Certainly escalators at subsurface),
Hackney Central,51.54689,-0.05784,mainline platforms,Morwen,07/03/07,London Overground,,
Hackney Wick,51.54348,-0.02474,mainline platforms,Morwen,07/03/07,London Overground,,
Hainault,51.60288,0.09332,platforms,User:Morwen,21/04/07,Central,,
Hammersmith (Dist&Picc Line),51.492328,-0.222825,Platform,User:Gagravarr,24/11/06,"District, Piccadilly",,
Hammersmith (H&C Line),51.494190748,-0.225964953,H+C Platform,User:Gagravarr,02/04/06,Hammersmith & City,,
Hampstead,51.55645,-0.17851,Entrance,User:Mattwestcott,06/05/07,Northern,Unsure (Has lifts),
Hampstead Heath,51.55533,-0.16656,London Overground platforms,User:Morwen,05/05/07,London Overground,,
Hanger Lane,51.53,-0.2929,Entrance,User:Kake,2007-03-03,Central,,
Harlesden,51.53628278,-0.257622488,Platform,User:Firefishy,05/05/07,Bakerloo,,
Harrow & Wealdstone,51.59205973,-0.334725352,Platform,User:Firefishy,05/05/07,Bakerloo,,
Harrow-on-the-Hill,51.579335,-0.337052,Entrance Hall,User:Firefishy,18/10/06,Metropolitan,Steps (from street) and (to/from Platforms),
Hatton Cross,51.466988,-0.423035,Entrance,User:Gagravarr,24/11/06,Piccadilly,,
Heathrow Terminals 1-2-3,51.4712899,-0.4527438,Central Bus Station Entrance,User:Gagravarr,28/02/07,Piccadilly,,
Heathrow Terminal 4,51.4594777,-0.44689658,Terminal Entrance,User:Gagravarr,28/02/07,Piccadilly,,
Hendon Central,51.58346,-0.22653,Platform,User:Mattwestcott,06/05/07,Northern,,
High Barnet,51.6506519031751,-0.194138165994553,Platform 2,User:Simon,27/09/06,Northern,,
High Street Kensington,51.5003459144,-0.192351664,Entrance,User:Gagravarr,30/07/06,"Circle, District",No ( Steps to/from platform),
Highbury & Islington,51.54502,-0.10752,mainline platforms,Morwen,07/03/07,"London Overground, Victoria, Northern City",,
Highgate,51.57722,-0.14553,??,User:Steve,10/02/06,Northern,No (Escaltors to platform level),
Hillingdon,51.55364,-0.45062,Platform,User:Mattwestcott,28/01/07,"Metropolitan, Piccadilly",,
Holborn,51.51711,-0.12055,Entrance,User:Mattwestcott,27/01/07,"Central, Piccadilly",Unsure,
Holland Park,51.50722,-0.20553,Entrance,User:Mattwestcott,27/01/07,Central,,
Holloway Road,51.5529,-0.11278,Entrance,User:Morwen,2007-05-13,Piccadilly,,
Homerton,51.5471,-0.04323,mainline platforms,Morwen,07/03/07,,,
Hornchurch,51.55387,0.21797,platforms,User:Morwen,21/04/07,District,,
Hounslow Central,51.47129,-0.365853,Platform,User:Gagravarr,24/11/06,Piccadilly,,
Hounslow East,51.47354,-0.356,Platform,User:Gagravarr,24/11/06,Piccadilly,,
Hounslow West,51.473689,-0.386471,Platform (North End),User:Gagravarr,24/11/06,Piccadilly,Lift for wheelchair users only.,
Hyde Park Corner,51.50313,-0.15278,at main entrance (on northern side of roundabout),User:Morwen,01/05/07,Piccadilly,,
Ickenham,51.56147,-0.44257,Platform,User:Mattwestcott,28/01/07,"Metropolitan, Piccadilly",,
Kennington,51.48823,-0.10587,Entrance,User:Parsingphase,-2006,Northern,,
Kensal Green,51.53060655,-0.224253545,Platform,User:Firefishy,05/05/07,Bakerloo,,
Kensal Rise,51.53387,-0.22145,London Overground platforms,User:Morwen,05/05/07,London Overground,,
Kensington (Olympia),51.49675,-0.20931,platforms,User:Morwen,09/05/07,District,Yes ( Seem to recall it's a flat access from one side of the concourse),
Kentish Town,51.55046,-0.14067,entrance,User:Morwen,08/06/07,Northern,No ( Escalators to platform level),
Kentish Town West,51.54776,-0.14708,London Overground platforms,User:Morwen,05/05/07,London Overground,,
Kenton,51.58173809,-0.316870809,Platform,User:Firefishy,05/05/07,Bakerloo,,
Kew Gardens,51.47725641,-0.284980014,Platform,User:Firefishy,08/05/07,District,,
Kilburn,51.5471715,-0.205002,Platform,User:Gagravarr,10/10/06,Jubilee,,
Kilburn Park,51.53495818,-0.193963023,Entrance,User:Firefishy,05/05/07,Bakerloo,No (Escalators to platform level),
King's Cross St.Pancras,51.53057,-0.12399,between King's Cross exit and main tube entrance,User:Morwen,05/05/07,"Piccadilly, Circle, Victoria, Northern, Metropolitan, Hammersmith & City",Unsure (Escaltors to deep level platforms),
King's Cross Thameslink,51.5308,-0.12044,Pentonville Road exit,User:Morwen,05/05/07,Thameslink,Unsure (Complex as a whole had steps),
Kingsbury,51.58422,-0.2788,Platform,User:Mattwestcott,06/05/07,Jubilee,,
Knightsbridge,51.50169,-0.1603,Between Sloane Street and Knightsbridge entrances,User:Morwen,01/05/07,Piccadilly,,
Ladbroke Grove,51.5173,-0.21114,Platform,User:Gagravarr,07/04/07,Hammersmith & City,No (Steps to platform level),
Lambeth North,51.49894,-0.11216,Entrance,User:Mattwestcott,31/07/07,Bakerloo,,
Lancaster Gate,51.512083,-0.175067,Entrance,User:Gagravarr,14/05/07,Central,,
Latimer Road,51.513125,-0.218428,Platform,User:Gagravarr,07/04/07,Hammersmith & City,,
Leicester Square,51.51148,-0.12849,??,User:Steve,10/02/06,"Northern, Piccadilly",,
Leyton,51.556483,-0.005669,Entrance,User:Firefishy,21/10/06,Central,,
Leytonstone,51.56828,0.00739,Entrance,User:Parsingphase,-2006,Central,,
Liverpool Street,51.517675,-0.082458,??,User:Gagravarr,05/08/06,Central,,
London Bridge,51.505353,-0.084826,Mainline Through Platforms,User:Gagravarr,18/11/06,"Jubilee, Northern",,
Loughton,51.6417,0.05583,platforms,User:Morwen,21/04/07,Central,,
Maida Vale,51.52989409,-0.185888819,Entrance,User:Firefishy,05/05/07,Bakerloo,,
Manor House,51.57038,-0.09601,on top of ticket hall,User:Morwen,29/04/07,Piccadilly,,
Mansion House,51.51256,-0.09397,Queen Victoria Street entrance,User:Mattwestcott,18/05/07,"Circle, District",,
Marble Arch,51.513597,-0.15869195,Entrance,User:Gagravarr,12/08/06,Central,,
Marylebone,51.52266,-0.162996,Entrance,User:Gagravarr,24/11/06,Bakerloo,No (Escalators to platform level),
Mile End,51.525306,-0.033471,Entrance,User:Gagravarr,18/11/06,"Central, District, Hammersmith & City",Unusure,
Mill Hill East,51.60892,-0.20965,Entrance,User:Morwen,02/06/07,Northern,,
Monument,51.510165,-0.085991,Entrance on Monument Street,User:Ksbrown,13/04/07,"Circle, District",,
Moor Park,51.62970512,-0.432070848,Platform,User:Firefishy,05/05/07,Metropolitan,No ( Steps to/from Platform level),
Moorgate,51.51817,-0.08859,By Moorfields entrance,User:Morwen,2007-05-13,"Northern, Circle, Hammersmith & City, Metropolitan, Northern City, Thameslink",No (Steps to 'surface' lines and escaltors to Deep),
Morden,51.40222413,-0.194599126,Entrance,User:Firefishy,07/05/07,Northern,,
Mornington Crescent,51.53427,-0.13901,??,User:Steve,11/02/06,Northern,,
Neasden,51.55427,-0.25042,Platform,User:Mattwestcott,06/05/07,Jubilee,No (Steps to/from platform level),
New Cross,51.477363,-0.0338817,Mainline platform,User:Mattwestcott,04/11/06,East London,,
New Cross Gate,51.47585,-0.04049,ELL platform,User:Morwen,07/05/07,East London,,
Newbury Park,51.57565,0.08927,platforms,User:Morwen,21/04/07,Central,,
North Acton,51.5237,-0.26019,Platform,User:Mattwestcott,27/01/07,Central,,
North Ealing,51.51807,-0.28838,Platform,User:Mattwestcott,28/01/07,Piccadilly,,
North Greenwich,51.50056,0.0036,Dome entrance,User:Mattwestcott,31/07/07,Jubilee,Unsure ( JLE was built as step free?),
North Harrow,51.58503612,-0.362595264,Platform,User:Firefishy,05/05/07,Metropolitan,,
North Wembley,51.56258091,-0.304072648,Platform,User:Firefishy,05/05/07,Bakerloo,,
Northfields,51.499856,-0.313188,Platform,User:Gagravarr,24/11/06,Piccadilly,,
Northolt,51.548054,-0.368257,Entrance,User:Firefishy,21/10/06,Central,,
Northolt,51.548467,-0.36968,Platform,User:Firefishy,21/10/06,Central,,
Northwick Park,51.57850117,-0.317857023,Platform,User:Firefishy,05/05/07,Metropolitan,,
Northwood,51.61098984,-0.423584422,Platform,User:Firefishy,05/05/07,Metropolitan,No ( Steps to/from platform level),
Northwood Hills,51.60043795,-0.408812575,Platform,User:Firefishy,05/05/07,Metropolitan,,
Notting Hill Gate,51.509028,-0.1962847,Entrance,User:Gagravarr,14/05/07,"Central, Circle, District",No ( Steps to 'surface' platforms),
Oakwood,51.64739,-0.13192,platforms,User:Morwen,02/05/07,Piccadilly,,
Old Street,51.52618,-0.08751,??,User:Steve,20/02/06,"Northern, Northern City",Unsure,
Osterley,51.481569,-0.35196,Platform,User:Gagravarr,24/11/06,Piccadilly,,
Oval,51.48214,-0.11284,Entrance,User:Parsingphase,-2006,Northern,,
Oxford Circus,51.51517,-0.14119,Argyle Street entrance,User:Mattwestcott,27/01/07,"Bakerloo, Central, Victoria",No (Escalators),
Paddington,51.5151846554,-0.17553880792,C/D Platform,User:Gagravarr,30/07/06,"Circle, District",No (Steps to platform level),
Paddington (H&C Line),51.519096707,-0.176968859,H+C Platform,User:Gagravarr,02/04/06,Hammersmith and City,Unsure ( Access via bridge from mainline concourse),
Park Royal,51.52671,-0.28417,Platform,User:Mattwestcott,28/01/07,Piccadilly,,
Parsons Green,51.47488,-0.20205,Platform,User:Mattwestcott,18/05/07,District,,
Perivale,51.536673,-0.32391,Platform,User:Firefishy,18/02/07,Central,,
Piccadilly Circus,51.51022,-0.13392,Trocadero / Shaftesbury Avenue entrance,User:Kake,2007-04-13,"Piccadilly, Bakerloo",No (Escalator to Platform level),
Pimlico,51.489081,-0.133037,Entrance,User:Gagravarr,24/11/06,Victoria,,
Pinner,51.59270271,-0.380539158,Platform,User:Firefishy,05/05/07,Metropolitan,,
Plaistow,51.53122,0.01659,platforms,User:Morwen,21/04/07,"District, Hammersmith & City",,
Preston Road,51.57229051,-0.295813875,Platform,User:Firefishy,05/05/07,Metropolitan,,
Putney Bridge,51.46868,-0.2088141,East bound platform,User:Randomjunk,30/11/06,District,,
Queen's Park,51.534179,-0.205257721,Platform,User:Firefishy,05/05/07,Bakerloo,,
Queensbury,51.59437,-0.28655,Platform,User:Mattwestcott,06/05/07,Jubilee,,
Queensway,51.510484,-0.18705,Entrance,User:Gagravarr,14/05/07,Central,,
Ravenscourt Park,51.49419,-0.2356,Platform,User:Gagravarr,24/11/06,District,,
Rayners Lane,51.57534,-0.3724,Platform,User:Mattwestcott,28/01/07,"Metropolitan, Piccadilly",No (Steps to/from Platform level),
Redbridge,51.57618,0.04542,Entrance,User:Firefishy,15/08/07,Central,,
Regent's Park,51.52344,-0.14713,??,User:Steve,11/02/06,Bakerloo,,
Richmond,51.46343247,-0.302033247,Entrance,User:Firefishy,08/05/07,District,,
Richmond,51.4632474,-0.300618047,Platform,User:Firefishy,08/05/07,District,,
Rickmansworth,51.64027898,-0.473521454,Platform,User:Firefishy,05/05/07,Metropolitan,Unsure ( Station has flat access to S/B but also has a subway),
Roding Valley,51.61691,0.04264,platforms,User:Morwen,21/04/07,Central,,
Rotherhithe,51.50089,-0.05211,Entrance,User:Mattwestcott,31/07/07,East London,,
Royal Oak,51.519383,-0.187785,Platform,User:Gagravarr,07/04/07,Hammersmith & City,,
Ruislip,51.57146,-0.42157,Platform,User:Mattwestcott,28/01/07,"Metropolitan, Piccadilly",,
Ruislip Gardens,51.560711,-0.410587,Platform,User:Firefishy,18/02/07,Central,,
Ruislip Manor,51.57349,-0.41185,Platform,User:Mattwestcott,28/01/07,"Metropolitan, Piccadilly",,
Russell Square,51.523243,-0.124336,Entrance,User:Gagravarr,06/04/07,Piccadilly,,
St.James's Park,51.49971,-0.13394,Broadway exit,User:Morwen,22/05/07,"Circle, District",,
Seven Sisters,51.58318,-0.07495,mainline platforms,Morwen,07/03/07,Victoria,,
Shadwell,51.51115,-0.05693,Tube Entrance,User:Firefishy,22/10/07,East London,,
Shepherd's Bush,51.50474,-0.21881,Old ticket hall,User:Mattwestcott,27/01/07,Central,,
Shepherd's Bush Market,51.506063,-0.226231,Platform,User:Gagravarr,07/04/07,Hammersmith & City,,
Sloane Square,51.49258474,-0.156090904,C/D Platform,User:Gagravarr,08/09/06,"Central, District",,
Snaresbrook,51.58002,0.02133,platforms,User:Morwen,21/04/07,Central,,
South Acton,51.49960784,-0.270187631,Platform,User:Firefishy,08/05/07,London Overground,,
South Ealing,51.500801,-0.307856,Platform,User:Gagravarr,24/11/06,Piccadilly,,
South Harrow,51.56461,-0.3521,Platform,User:Mattwestcott,28/01/07,Piccadilly,,
South Kensington,51.494066,-0.172791,C/D Platform,User:Gagravarr,24/11/06,"Circle, District, Piccadilly",Unsure (Steps from/to 'surface' platforms?).,
South Kenton,51.57044666,-0.308566354,Platform,User:Firefishy,05/05/07,Bakerloo,,
South Ruislip,51.556795,-0.398708,Platform,User:Firefishy,18/02/07,Central,,
South Wimbledon,51.41543048,-0.192262754,Entrance,User:Firefishy,07/05/07,Northern,,
South Woodford,51.59088,0.02726,platforms,User:Morwen,21/04/07,Central,,
Southfields,51.444941,-0.206466,Entrance,User:Randomjunk,02/12/06,District,,
Southgate,51.6324,-0.12765,entrance,User:Morwen,02/05/07,Piccadilly,,
Southwark,51.50384,-0.10478,Entrance,User:Kake,2007-04-19,Jubilee,,
St.John's Wood,51.53472,-0.17428,Entrance,User:Mattwestcott,31/07/07,Jubilee,No (Escalators),
St.Paul's,51.515285,-0.097598,Entrance,User:TomH,27/02/07,Central,,
Stamford Brook,51.494935,-0.24619,Platform,User:Gagravarr,24/11/06,District,,
Stanmore,51.61895,-0.30241,Platform,User:Mattwestcott,06/05/07,Jubilee,"Unsure ( I seem to recall a long flight of steps from street level to the cutting in which the platforms are.ShakespeareFan00�20:17, 3 July 2009 (UTC))",
Stepney Green,51.521884,-0.046546,Entrance,User:Gagravarr,18/11/06,"District, Hammersmith & City",,
Stockwell,51.47224,-0.1227,Entrance,User:Parsingphase,-2006,"Northern, Victoria",,
Stonebridge Park,51.54402388,-0.275978856,Platform,User:Firefishy,05/05/07,Bakerloo,,
Stratford,51.541208,-0.003776,Central Line Platform,User:Gagravarr,18/11/06,"Central, Jubilee, London Overground",Unsure- (Steps at the very least),
Stratford,51.541146,-0.002675,Entrance,User:Gagravarr,18/11/06,"Central, Jubilee, London Overground",,
Sudbury Hill,51.556998,-0.335949,Entrance,User:Firefishy,31/10/06,Piccadilly,,
Sudbury Town,51.55093,-0.31598,Platform,User:Mattwestcott,28/01/07,Piccadilly,,
Surrey Quays,51.49365,-0.04816,Platforms,User:Morwen,07/05/07,"East London, Jubilee",,
Swiss Cottage,51.54333,-0.17436,Avenue Road entrance,User:Mattwestcott,31/07/07,Jubilee,,
Temple,51.51114,-0.11341,Entrance,User:Mattwestcott,18/05/07,"Circle, District",,
Theydon Bois,51.67246,0.10354,platforms,User:Morwen,21/04/07,Central,,
Tooting Bec,51.43578971,-0.159635693,Entrance,User:Firefishy,07/05/07,Northern,,
Tooting Broadway,51.42780008,-0.167910811,Entrance,User:Firefishy,07/05/07,Northern,,
Tottenham Court Road,51.5164,-0.13027,??,User:Steve,10/02/06,"Central, Northern",No (Escalators),
Tottenham Court Road,51.51672074,-0.13093911,Entrance,User:Gagravarr,12/08/06,"Central, Northern",No (Steps from street level/Escaltors),
Tottenham Hale,51.588878,-0.059808,Mainline Platform,User:TomH,27/01/07,Victoria,,
Totteridge & Whetstone,51.63022,-0.17917,Entrance,User:Kake,2007-04-24,Northern,,
Tower Hill,51.50991,-0.076813,Entrance,User:Gagravarr,30/10/06,"Circle, District",No (Steps from street level),
Tufnell Park,51.55663,-0.13813,Entrance,User:Morwen,02/06/07,Northern,,
Turnham Green,51.495143,-0.25406,Platform,User:Gagravarr,24/11/06,District,,
Turnpike Lane,51.59031,-0.10308,entrance,User:Morwen,16/05/07,Piccadilly,No (Escalators),
Upminster,51.55925,0.25177,platforms,User:Morwen,21/04/07,District,,
Upminster Bridge,51.55847,0.23509,platforms,User:Morwen,21/04/07,District,,
Upney,51.53824,0.09998,platforms,User:Morwen,21/04/07,District,,
Upton Park,51.53514,0.03373,platforms,User:Morwen,21/04/07,"District, Hammersmith & City",,
Uxbridge,51.54687,-0.47725,Platform,User:Mattwestcott,28/01/07,"Piccadilly, Metropolitan",Yes ( Flat access from street),
Vauxhall,51.48603,-0.12369,Entrance,User:Mattwestcott,27/01/07,Victoria,No ( Escalators),
Victoria,51.49662869,-0.14400853,C/D Platform,User:Gagravarr,08/09/06,"Circle, District, Victoria",No ( Steps from street level/ Escalators),
Walthamstow Central,51.58293,-0.01996,mainline platforms,Morwen,01/04/07,Victoria,No ( Steps to Booking hall),
Wanstead,51.57565,0.02864,Entrance Hall,User:Firefishy,15/08/07,Central,,
Wapping,51.50451,-0.05607,Exit,User:Morwen,07/05/07,East London,,
Warren Street,51.5245,-0.1381,??,User:Steve,11/02/06,"Northern, Victoria",No (Escalators),
Warwick Avenue,51.52329728,-0.183777837,Platform,User:Firefishy,05/05/07,Bakerloo,,
Waterloo,51.50322,-0.11328,"W+C / Bakerloo / Northern Line entrance, platform 18",User:Mattwestcott,15/03/07,"Bakerloo, Northern, Waterloo & City",Unsure ( JLE-Eurostar was built as step-free?),
Watford,51.65741058,-0.41745306,Platform,User:Firefishy,05/05/07,Metropolitan,Yes ( Flat access from street IIRC),
Wembley Central,51.55122817,-0.29577538,Platform,User:Firefishy,05/05/07,Bakerloo,,
Wembley Park,51.56355598,-0.279770242,Platform,User:Firefishy,05/05/07,"Jubilee, Metropolitan",Unsure (Did have steps to/from platform?),
West Acton,51.51818,-0.28064,Platform,User:Mattwestcott,27/01/07,Central,,
West Brompton,51.48681,-0.19475,Platform,User:Mattwestcott,18/05/07,District,,
West Finchley,51.60922281219,-0.188711152265457,Platform,User:Welshie,27/09/06,Northern,,
West Ham,51.527917,0.004141,Platform,User:Mattwestcott,04/11/06,"District, Hammersmith & City, Jubilee",,
West Hampstead,51.54678865,-0.191016868,Jubilee Line Entrance,User:Firefishy,08/05/07,Jubilee,,
West Hampstead,51.54657,-0.19055,Jubilee Line platform,User:Mattwestcott,06/05/07,Jubilee,,
West Hampstead,51.54755518,-0.190999685,NLL Entrance,User:Firefishy,08/05/07,London Overground,,
West Hampstead,51.54716,-0.19275,London Overground platform,User:Morwen,05/05/07,London Overground,,
West Harrow,51.5795432,-0.353144584,Platform,User:Firefishy,05/05/07,Metropolitan,,
West Kensington,51.49085,-0.20532,Platform,User:Gagravarr,24/11/06,District,,
West Ruislip,51.569324,-0.43674,Platform,User:Firefishy,18/02/07,Central,,
Westbourne Park,51.520995,-0.201778,Platform,User:Gagravarr,07/04/07,Hammersmith & City,,
Westminster,51.50121,-0.12489,Portcullis House exit,User:Morwen,08/05/07,"Circle, District, Jubilee",Unsure (Escalators),
White City,51.512206,-0.224226,Platform,User:Firefishy,21/10/06,Central,,
Whitechapel,51.51946,-0.05951,Exit,User:Morwen,07/05/07,"District, East London, Hammersmith & City",,
Willesden Green,51.54919,-0.22106,Between entrances,User:AcousticNewt,25/11/06,Jubilee,,
Willesden Junction,51.53181,-0.24235,London Overground platforms,User:Morwen,05/05/07,London Overground,,
Willesden Junction,51.53032031,-0.229378995,Platform (Bakerloo),User:Firefishy,05/05/07,Bakerloo,,
Wimbledon,51.422,-0.20544,Platform,User:Mattwestcott,18/05/07,District,Unsure,
Wimbledon Park,51.43391,-0.19864,Platform,User:Mattwestcott,18/05/07,District,,
Wood Green,51.59709,-0.10939,Entrance,User:Morwen,26/05/07,Piccadilly,No (Escalators),
Woodford,51.60582,0.03328,platforms,User:Morwen,21/04/07,Central,,
Woodside Park,51.6181717295887,-0.185578887883903,Platform,User:Welshie,27/09/06,Northern,,
